﻿{
	"CategoryName": "Elektrosztatika",
	"RandomizeOrder": true,
	"RandomizeOnFail": false,
	"CorrectImageQuestions": [
		{
			"question": "Két pontszerű töltés közötti erő:",
			"imagePath": "images/eq1.png"
		},
		{
			"question": "Arányossági együttható:",
			"imagePath": "images/eq2.png"
		},
		{
			"question": "A pontszerű töltés körüli elektromos erőtér:",
			"imagePath": "images/eq3.png"
		},
		{
			"question": "Elektromos potenciál:",
			"imagePath": "images/eq4.png"
		},
		{
			"question": "Feszültség:",
			"imagePath": "images/eq5.png"
		},
		{
			"question": "Elektromos kapacitás:",
			"imagePath": "images/eq6.png"
		},
		{
			"question": "Síkkondenzátorok kapacitása:",
			"imagePath": "images/eq7.png"
		},
		{
			"question": "Síkkondenzátorban létrejött elektromos erőtér:",
			"imagePath": "images/eq8.png"
		},
		{
			"question": "Eredő kapacitás párhuzamos kapcsolás esetében:",
			"imagePath": "images/eq9.png"
		},
		{
			"question": "Eredő kapacitás soros kapcsolás esetében:",
			"imagePath": "images/eq10.png"
		},
{
			"question": "A mágneses erőtér energiája:",
			"imagePath": "images/eq11.png"
		}
	]
}